,Age,ClaimAmount,IsSmoker,Denied
Age,1.0,0.4306487265913863,0.026527624596829318,-0.02741622946803217
ClaimAmount,0.4306487265913863,1.0,-0.03884347504301224,0.052341318954681595
IsSmoker,0.026527624596829318,-0.03884347504301224,1.0,0.03513256913843399
Denied,-0.02741622946803217,0.052341318954681595,0.03513256913843399,1.0
