,Age,ClaimAmount,IsSmoker,Denied
Age,374.5308348348348,7297.225441281282,0.22668668668668635,-0.15115515515515524
ClaimAmount,7297.225441281282,766622.592490537,-15.01733073073073,13.055903063063065
IsSmoker,0.22668668668668635,-15.01733073073073,0.19496996996997024,0.004419419419419452
Denied,-0.15115515515515524,13.055903063063065,0.004419419419419452,0.08116016016015988
